name,title,article_url,article_name,image_url,figure_name,license,open,full_caption,caption_delimiter,figure_path,master_images,unassigned
s41467-024-45254-7_fig1.jpg,Regulating protein corona on nanovesicles by glycosylated polyhydroxy polymer modification for efficient drug delivery | Nature Communications,https://www.nature.com/articles/s41467-024-45254-7,s41467-024-45254-7,https://media.springernature.com/lw685/springer-static/image/art%3A10.1038%2Fs41467-024-45254-7/MediaObjects/41467_2024_45254_Fig1_HTML.png,s41467-024-45254-7_fig1.jpg,http://creativecommons.org/licenses/by/4.0/,True,"CP1-LVs with an appropriate amino/hydroxyl ratio are expected to display the extended circulation by evading protein adsorption to avoid macrophage phagocytosis, and enhance internalization in tumor cells through binding tumor-related proteins.",,nature_polymer_protein_complex/figures/s41467-024-45254-7_fig1.jpg,[],"{'master_images': [], 'dependent_images': [], 'inset_images': [], 'subfigure_labels': [], 'scale_bar_labels': [], 'scale_bar_lines': [], 'captions': [], 'scale_bar_objects': []}"
s41467-024-45254-7_fig2.jpg,Regulating protein corona on nanovesicles by glycosylated polyhydroxy polymer modification for efficient drug delivery | Nature Communications,https://www.nature.com/articles/s41467-024-45254-7,s41467-024-45254-7,https://media.springernature.com/lw685/springer-static/image/art%3A10.1038%2Fs41467-024-45254-7/MediaObjects/41467_2024_45254_Fig2_HTML.png,s41467-024-45254-7_fig2.jpg,http://creativecommons.org/licenses/by/4.0/,True,"a Schematic diagram of the structure of CP-LVs and representative TEM images of CP4-LVs, CP2-LVs, and CP1-LVs. Scale bar: 50 nm. b The average size of CP-LVs determined by a Malvern Zetasizer Nano ZS analyzer. The data are displayed as the mean ± SD (n = 3 independent samples). c The molar ratio of amino and hydroxyl groups in CP-LVs analyzed through Boehm titration. The data are displayed as the mean ± SD (n = 3 independent samples). d Schematic diagram describing the spatial distribution of amino and hydroxyl groups in CP-LVs determined by Tof-SIMS. e Representative images of amino and hydroxyl distribution at the top and middle sections observed by Tof-SIMS. CP-LVs were coated on silicon substrates and freeze-dried to form a thin film. The signals of amino and hydroxyl groups were detected by Tof-SIMS at different depths in an area of 35 × 35 µm2 with the pixel size of about 120 nm. Scale bar: 2 µm. f Real-time signal of amino during a scanning time of 800 s. g The decreased rate of relative intensity of amino signal during scanning. h The zeta potential of CP4-LVs, CP2-LVs, and CP1-LVs. The data are displayed as the mean ± SD (n = 3 independent samples). Source data are provided as a Source Data file.",,nature_polymer_protein_complex/figures/s41467-024-45254-7_fig2.jpg,[],"{'master_images': [], 'dependent_images': [], 'inset_images': [], 'subfigure_labels': [], 'scale_bar_labels': [], 'scale_bar_lines': [], 'captions': [], 'scale_bar_objects': [{'label': None, 'geometry': [{'x': 264, 'y': 495}, {'x': 264, 'y': 499}, {'x': 280, 'y': 499}, {'x': 280, 'y': 495}], 'confidence': 0.8930156826972961, 'length': 15, 'label_line_distance': -1}]}"
s41467-024-45254-7_fig3.jpg,Regulating protein corona on nanovesicles by glycosylated polyhydroxy polymer modification for efficient drug delivery | Nature Communications,https://www.nature.com/articles/s41467-024-45254-7,s41467-024-45254-7,https://media.springernature.com/lw685/springer-static/image/art%3A10.1038%2Fs41467-024-45254-7/MediaObjects/41467_2024_45254_Fig3_HTML.png,s41467-024-45254-7_fig3.jpg,http://creativecommons.org/licenses/by/4.0/,True,a Quantification of plasma proteins adsorbed to the nanovesicle surface determined by BCA assay. The data are displayed as the mean ± SD (two-tailed Student’s t-test. n = 3 independent samples). b Qualitative molecular composition of the adsorbed protein layer on the nanovesicles by SDS-PAGE. (n = 3 independent samples). c Classification of plasma protein corona components identified by quantitative LC-MS/MS. d Heatmap of the most abundant proteins (top 20) in the protein corona of the nanovesicles with plasma incubation determined by proteomic mass spectrometry. e Western blot assay of IgG and f IgM adsorbed in the protein corona of the nanovesicles. The intensity of the IgG and IgM bands was quantified by ImageJ software. The data are displayed as the mean ± SD (two-tailed Student’s t-test. n = 3 independent samples). g Classification of protein corona components formed in the liver TIF identified by quantitative LC-MS/MS. h Heatmap of immunoglobulin and albumin in the protein corona of the nanovesicles with liver TIF incubation. i Heatmap of the most abundant proteins (top 10) in the adsorbed metabolic enzymes and heat shock proteins on nanovesicles with liver TIF incubation. Source data are provided as a Source Data file.,,nature_polymer_protein_complex/figures/s41467-024-45254-7_fig3.jpg,[],"{'master_images': [], 'dependent_images': [], 'inset_images': [], 'subfigure_labels': [], 'scale_bar_labels': [], 'scale_bar_lines': [], 'captions': [], 'scale_bar_objects': []}"
s41467-024-45254-7_fig4.jpg,Regulating protein corona on nanovesicles by glycosylated polyhydroxy polymer modification for efficient drug delivery | Nature Communications,https://www.nature.com/articles/s41467-024-45254-7,s41467-024-45254-7,https://media.springernature.com/lw685/springer-static/image/art%3A10.1038%2Fs41467-024-45254-7/MediaObjects/41467_2024_45254_Fig4_HTML.png,s41467-024-45254-7_fig4.jpg,http://creativecommons.org/licenses/by/4.0/,True,"a Schematic diagram of nanovesicles dynamically adsorbing proteins. Nanovesicles were incubated with plasma, PBS, and liver TIF in turn. b Quantification of proteins adsorbed to the nanovesicles (PEG-Lips, P-LVs, CP4-LVs, CP2-LVs, CP1-LVs, Lips) with incubation of plasma, PBS, and liver TIF in turn. The data are displayed as the mean ± SD (n = 3 independent samples). c Qualitative molecular composition of the adsorbed protein layer on nanovesicles by SDS-PAGE in (b). d Adsorption level of albumin and IgG on nanovesicles was determined by dot blotting assay. e The intensity of albumin and IgG was analyzed by ImageJ software in (d). The data are displayed as the mean ± SD (n = 3 independent samples). f ITC profiles and calculated binding affinity (Ka) of LVs-albumin and LVs-IgG. The data are displayed as the mean ± SD (two-tailed Student’s t-test. n = 3 independent samples). g Representative confocal images of nanovesicles incubated with albumin and IgG solution. Blue: nanovesicles; Green: albumin; Red: IgG. The magnified images of single nanovesicle were shown under the confocal images. Scale bar: 100 nm. Source data are provided as a Source Data file.",,nature_polymer_protein_complex/figures/s41467-024-45254-7_fig4.jpg,[],"{'master_images': [], 'dependent_images': [], 'inset_images': [], 'subfigure_labels': [], 'scale_bar_labels': [], 'scale_bar_lines': [], 'captions': [], 'scale_bar_objects': []}"
s41467-024-45254-7_fig5.jpg,Regulating protein corona on nanovesicles by glycosylated polyhydroxy polymer modification for efficient drug delivery | Nature Communications,https://www.nature.com/articles/s41467-024-45254-7,s41467-024-45254-7,https://media.springernature.com/lw685/springer-static/image/art%3A10.1038%2Fs41467-024-45254-7/MediaObjects/41467_2024_45254_Fig5_HTML.png,s41467-024-45254-7_fig5.jpg,http://creativecommons.org/licenses/by/4.0/,True,"a Schematic diagram describing the characterization of the protein corona in mice with single and repeated administrations. b Quantification of proteins adsorbed to the nanovesicles recovered from plasma. The data are displayed as the mean ± SD (two-tailed Student’s t-test. n = 3 independent samples). c Qualitative molecular composition of the adsorbed protein layer on nanovesicles recovered from plasma. d Quantification of proteins adsorbed to the nanovesicles recovered from the liver. The data are displayed as the mean ± SD (two-tailed Student’s t-test. n = 3 independent samples). e Qualitative molecular composition of the adsorbed protein layer on nanovesicles recovered from the liver. f Western blotting assay of albumin and g IgG adsorbed on nanovesicles. The data are displayed as the mean ± SD (n = 3 independent samples). h Expression level of anti-PEG antibodies in plasma collected from mice pretreated with nanovesicles. The data are displayed as the mean ± SD (n = 3 independent samples). i IgG and j IgM adsorption on nanovesicles recovered from plasma in mice pretreated with nanovesicles. The data are displayed as the mean ± SD (two-tailed Student’s t-test. n = 3 independent samples). k CLSM images of nanovesicles with different protein coronas internalized by J774 cells and Kupffer cells. Nanovesicles (PBS), nanovesicles with plasma protein corona (Plasma), and nanovesicles adsorbing proteins in plasma collected from mice preinjected with nanovesicles (Pretreated plasma) were incubated with J774 cells. Nanovesicles (PBS), nanovesicles with protein coronas formed in plasma and liver TIF (Plasma & liver TIF), and nanovesicles adsorbing proteins in plasma and liver TIF collected from mice preinjected with nanovesicles (Pretreated plasma & liver TIF) were incubated with Kupffer cells. Scale bar: 20 μm. l Fluorescence intensity of nanovesicles with different protein coronas within J774 cells and m Kupffer cells. The data are displayed as the mean ± SD (two-tailed Student’s t-test. n = 3 independent samples). Source data are provided as a Source Data file.",,nature_polymer_protein_complex/figures/s41467-024-45254-7_fig5.jpg,[],"{'master_images': [], 'dependent_images': [], 'inset_images': [], 'subfigure_labels': [], 'scale_bar_labels': [], 'scale_bar_lines': [], 'captions': [], 'scale_bar_objects': []}"
s41467-024-45254-7_fig6.jpg,Regulating protein corona on nanovesicles by glycosylated polyhydroxy polymer modification for efficient drug delivery | Nature Communications,https://www.nature.com/articles/s41467-024-45254-7,s41467-024-45254-7,https://media.springernature.com/lw685/springer-static/image/art%3A10.1038%2Fs41467-024-45254-7/MediaObjects/41467_2024_45254_Fig6_HTML.png,s41467-024-45254-7_fig6.jpg,http://creativecommons.org/licenses/by/4.0/,True,"a Blood circulation curves, b related elimination half-life, and c AUC of nanovesicles in mice with or without preinjection. The data are displayed as the mean ± SD (two-tailed Student’s t-test. n = 3 rats). d Ex vivo fluorescence imaging of major organs and e corresponding fluorescence intensities of the mice 12 h after i.v. injection. The data are displayed as the mean ± SD (two-tailed Student’s t-test. n = 3 mice). f CLSM images of liver sections showing the distribution of FITC-labeled nanovesicles (green) in liver tissues at 24 h postinjection. The Kupffer cells were stained with F4/80 (red), and the nuclei were stained with DAPI (blue). Scale bar = 20 µm. g Fluorescence intensity of nanovesicles in liver sections. The data are displayed as the mean ± SD (two-tailed Student’s t-test. n = 3 independent experiments). Source data are provided as a Source Data file.",,nature_polymer_protein_complex/figures/s41467-024-45254-7_fig6.jpg,[],"{'master_images': [], 'dependent_images': [], 'inset_images': [], 'subfigure_labels': [], 'scale_bar_labels': [], 'scale_bar_lines': [], 'captions': [], 'scale_bar_objects': [{'label': None, 'geometry': [{'x': 658, 'y': 279}, {'x': 658, 'y': 283}, {'x': 674, 'y': 283}, {'x': 674, 'y': 279}], 'confidence': 0.8907213807106018, 'length': 16, 'label_line_distance': -1}]}"
s41467-024-45254-7_fig7.jpg,Regulating protein corona on nanovesicles by glycosylated polyhydroxy polymer modification for efficient drug delivery | Nature Communications,https://www.nature.com/articles/s41467-024-45254-7,s41467-024-45254-7,https://media.springernature.com/lw685/springer-static/image/art%3A10.1038%2Fs41467-024-45254-7/MediaObjects/41467_2024_45254_Fig7_HTML.png,s41467-024-45254-7_fig7.jpg,http://creativecommons.org/licenses/by/4.0/,True,"a Schematic diagram of nanovesicles dynamically adsorbing proteins. Nanovesicles were incubated with plasma, PBS, and tumor TIF in turn. b Quantification of proteins adsorbed to the nanovesicles (PEG-Lips, P-LVs, CP4-LVs, CP2-LVs, CP1-LVs, Lips) with incubation of plasma, PBS, and tumor TIF in turn. The data are displayed as the mean ± SD (n = 3 independent samples). c Qualitative molecular composition of the adsorbed protein layer on nanovesicles by SDS-PAGE in (b). d Classification of protein corona components identified by quantitative LC-MS/MS. e Heatmap of the most abundant proteins (top 10) in the protein corona of the nanovesicles with tumor TIF incubation determined by proteomic mass spectrometry. f OPN and CD44 bound to nanovesicles were determined by Western blotting assay. The data are displayed as the mean ± SD (n = 3 independent samples). g Schematic diagram of CP1-LVs adsorbing IgG, CD44, and OPN affected by protein pI. h IEF band images and intensity profile of IgG, CD44, OPN, and nanovesicles analyzed by ImageJ software. Red, green, and blue fluorescence signals represent IgG, CD44, and OPN, respectively. Gray fluorescence signal represents nanovesicles. Source data are provided as a Source Data file.",,nature_polymer_protein_complex/figures/s41467-024-45254-7_fig7.jpg,[],"{'master_images': [], 'dependent_images': [], 'inset_images': [], 'subfigure_labels': [], 'scale_bar_labels': [], 'scale_bar_lines': [], 'captions': [], 'scale_bar_objects': []}"
s41467-024-45254-7_fig8.jpg,Regulating protein corona on nanovesicles by glycosylated polyhydroxy polymer modification for efficient drug delivery | Nature Communications,https://www.nature.com/articles/s41467-024-45254-7,s41467-024-45254-7,https://media.springernature.com/lw685/springer-static/image/art%3A10.1038%2Fs41467-024-45254-7/MediaObjects/41467_2024_45254_Fig8_HTML.png,s41467-024-45254-7_fig8.jpg,http://creativecommons.org/licenses/by/4.0/,True,"a The expression levels of integrin and CD44 on A549, HeLa, and HUVEC cells determined by Western blotting. The data are displayed as the mean ± SD (n = 3 independent samples). b CLSM images of A549, HeLa, and HUVEC cells incubated with nanovesicles adsorbing tumor protein coronas. Scale bar: 20 µm. c Flow cytometric analysis of nanovesicle cellular uptake in A549 and HeLa cells. The data are displayed as the mean ± SD (two-tailed Student’s t-test. n = 3 independent samples). d The inhibition rate of nanovesicle cellular uptake in A549 and HeLa cells pretreated with cilengitide (CL) or hyaluronic acid (HA). The data are displayed as the mean ± SD (two-tailed Student’s t-test. n = 3 independent samples). e Cell viability of A549 and HeLa cells after incubation with PTX formulations. The data are displayed as the mean ± SD (n = 3 independent experiments). f The IC50 values of PTX formulations in panel (e). The data are displayed as the mean ± SD (two-tailed Student’s t-test. n = 3 independent experiments). Source data are provided as a Source Data file.",,nature_polymer_protein_complex/figures/s41467-024-45254-7_fig8.jpg,[],"{'master_images': [], 'dependent_images': [], 'inset_images': [], 'subfigure_labels': [], 'scale_bar_labels': [], 'scale_bar_lines': [], 'captions': [], 'scale_bar_objects': []}"
s41467-024-45254-7_fig9.jpg,Regulating protein corona on nanovesicles by glycosylated polyhydroxy polymer modification for efficient drug delivery | Nature Communications,https://www.nature.com/articles/s41467-024-45254-7,s41467-024-45254-7,https://media.springernature.com/lw685/springer-static/image/art%3A10.1038%2Fs41467-024-45254-7/MediaObjects/41467_2024_45254_Fig9_HTML.png,s41467-024-45254-7_fig9.jpg,http://creativecommons.org/licenses/by/4.0/,True,a Schematic illustration describing the characterization of protein coronas on nanovesicles recovered from tumors in mice injected with different nanovesicles. b Quantification of proteins adsorbed to the nanovesicles recovered from A549 and HeLa tumors. The data are displayed as the mean ± SD (n = 3 independent samples). c Qualitative molecular composition of the adsorbed protein layer on nanovesicles recovered from A549 and HeLa tumors by SDS-PAGE. d Western blotting assay of CD44 and OPN adsorbed on nanovesicles recovered from A549 and HeLa tumors. The data are displayed as the mean ± SD (two-tailed Student’s t-test. n = 3 independent samples). e In vivo fluorescence images of tumor-bearing mice after injection of nanovesicles. f Ex vivo fluorescence images and quantitative analysis of A549 and g HeLa tumors at 48 h postinjection. The data are displayed as the mean ± SD (two-tailed Student’s t-test. n = 3 mice). h Biodistribution of DiO-labeled nanovesicles in A549 and i HeLa tumor sections. Nuclei were stained with DAPI. Scale bar: 10 μm (n = 3 independent samples). Source data are provided as a Source Data file.,,nature_polymer_protein_complex/figures/s41467-024-45254-7_fig9.jpg,[],"{'master_images': [], 'dependent_images': [], 'inset_images': [], 'subfigure_labels': [], 'scale_bar_labels': [], 'scale_bar_lines': [], 'captions': [], 'scale_bar_objects': []}"
s41467-024-45254-7_fig10.jpg,Regulating protein corona on nanovesicles by glycosylated polyhydroxy polymer modification for efficient drug delivery | Nature Communications,https://www.nature.com/articles/s41467-024-45254-7,s41467-024-45254-7,https://media.springernature.com/lw685/springer-static/image/art%3A10.1038%2Fs41467-024-45254-7/MediaObjects/41467_2024_45254_Fig10_HTML.png,s41467-024-45254-7_fig10.jpg,http://creativecommons.org/licenses/by/4.0/,True,a Schematic diagram of PTX formulation therapy in A549 or HeLa tumor models. b Tumor growth kinetics of A549 and c HeLa xenograft tumors in BALB/c mice treated with PTX formulations. The data are displayed as the mean ± SD (n = 6 mice). d A549 and e HeLa tumor growth inhibition rate of PTX formulation treatments in comparison to the PBS group. The data are displayed as the mean ± SD (two-tailed Student’s t-test. n = 6 mice). f Survival profiles of A549 and g HeLa tumor-bearing mice in various treatment groups. The data are displayed as the mean ± SD (n = 6 mice). h Body weight of treated A549 and HeLa tumor-bearing mice over time. The data are displayed as the mean ± SD (n = 6 mice). i Representative H&E-stained histological sections of A549 tumors after treatment. Scale bar: 100 μm. j Representative H&E-stained histological sections of the main organs after treatment. Scale bar: 100 μm. Source data are provided as a Source Data file.,,nature_polymer_protein_complex/figures/s41467-024-45254-7_fig10.jpg,[],"{'master_images': [], 'dependent_images': [], 'inset_images': [], 'subfigure_labels': [], 'scale_bar_labels': [], 'scale_bar_lines': [], 'captions': [], 'scale_bar_objects': []}"
s41598-024-84718-0_fig1.jpg,Evaluating cutinase from Fusarium oxysporum as a biocatalyst for the degradation of nine synthetic polymer | Scientific Reports,https://www.nature.com/articles/s41598-024-84718-0,s41598-024-84718-0,https://media.springernature.com/lw685/springer-static/image/art%3A10.1038%2Fs41598-024-84718-0/MediaObjects/41598_2024_84718_Fig1_HTML.png,s41598-024-84718-0_fig1.jpg,http://creativecommons.org/licenses/by-nc-nd/4.0/,True,"Phylogenetic tree of Cutinases from different organism fungus and bacteria, highlighting the organism used in this research.",,nature_polymer_protein_complex/figures/s41598-024-84718-0_fig1.jpg,[],"{'master_images': [], 'dependent_images': [], 'inset_images': [], 'subfigure_labels': [], 'scale_bar_labels': [], 'scale_bar_lines': [], 'captions': [], 'scale_bar_objects': []}"
s41598-024-84718-0_fig2.jpg,Evaluating cutinase from Fusarium oxysporum as a biocatalyst for the degradation of nine synthetic polymer | Scientific Reports,https://www.nature.com/articles/s41598-024-84718-0,s41598-024-84718-0,https://media.springernature.com/lw685/springer-static/image/art%3A10.1038%2Fs41598-024-84718-0/MediaObjects/41598_2024_84718_Fig2_HTML.png,s41598-024-84718-0_fig2.jpg,http://creativecommons.org/licenses/by-nc-nd/4.0/,True,"Structural comparison between the enzyme IsPETase (PDB ID: 6EQE) and FoCut (PDB ID: 5AJH). (A) Non-conserved, conserved and semi-conserved residues observed in the global alignment by ClustalW, (B) overlap of the enzymes with the structure of the PET tetramer present in the catalytic site of the enzyme, (C) region of the catalytic triad in comparison for both enzymes, binding pocket for enzyme (D) FoCut and (E) IsPETase.",,nature_polymer_protein_complex/figures/s41598-024-84718-0_fig2.jpg,[],"{'master_images': [], 'dependent_images': [], 'inset_images': [], 'subfigure_labels': [], 'scale_bar_labels': [], 'scale_bar_lines': [], 'captions': [], 'scale_bar_objects': []}"
s41598-024-84718-0_fig3.jpg,Evaluating cutinase from Fusarium oxysporum as a biocatalyst for the degradation of nine synthetic polymer | Scientific Reports,https://www.nature.com/articles/s41598-024-84718-0,s41598-024-84718-0,https://media.springernature.com/lw685/springer-static/image/art%3A10.1038%2Fs41598-024-84718-0/MediaObjects/41598_2024_84718_Fig3_HTML.png,s41598-024-84718-0_fig3.jpg,http://creativecommons.org/licenses/by-nc-nd/4.0/,True,"Structural analysis of the FoCut protein in 1 μs (1000 ns) simulation time. (A) RMSD, (B) RMSF and (C) overlapping of the centroids obtained through clustering highlighting the Catalytic Loop region based on Cluster ID and D) sequence of aminoacid described by regions.",,nature_polymer_protein_complex/figures/s41598-024-84718-0_fig3.jpg,[],"{'master_images': [], 'dependent_images': [], 'inset_images': [], 'subfigure_labels': [], 'scale_bar_labels': [], 'scale_bar_lines': [], 'captions': [], 'scale_bar_objects': []}"
s41598-024-84718-0_fig4.jpg,Evaluating cutinase from Fusarium oxysporum as a biocatalyst for the degradation of nine synthetic polymer | Scientific Reports,https://www.nature.com/articles/s41598-024-84718-0,s41598-024-84718-0,https://media.springernature.com/lw685/springer-static/image/art%3A10.1038%2Fs41598-024-84718-0/MediaObjects/41598_2024_84718_Fig4_HTML.png,s41598-024-84718-0_fig4.jpg,http://creativecommons.org/licenses/by-nc-nd/4.0/,True,"Root mean square deviation (RMSD) for the backbone atoms (C, O, Ca, and N) plots obtained from FoCut complexes for all replicates. (A) PET, (B) PHBH, (C) PBS, (D) PBAT and (E) PCL complexes.",,nature_polymer_protein_complex/figures/s41598-024-84718-0_fig4.jpg,[],"{'master_images': [], 'dependent_images': [], 'inset_images': [], 'subfigure_labels': [], 'scale_bar_labels': [], 'scale_bar_lines': [], 'captions': [], 'scale_bar_objects': []}"
s41598-024-84718-0_fig5.jpg,Evaluating cutinase from Fusarium oxysporum as a biocatalyst for the degradation of nine synthetic polymer | Scientific Reports,https://www.nature.com/articles/s41598-024-84718-0,s41598-024-84718-0,https://media.springernature.com/lw685/springer-static/image/art%3A10.1038%2Fs41598-024-84718-0/MediaObjects/41598_2024_84718_Fig5_HTML.png,s41598-024-84718-0_fig5.jpg,http://creativecommons.org/licenses/by-nc-nd/4.0/,True,"Root mean square fluctuation (RMSF) plots obtained from FoCut complexes for each Replicate and (A) tridimensional structure of FoCut highliting the loop regions, N–Terminal and C–Terminal. (B) PET, (C) PHBH, (D) PBS, (E) PBAT and (F) PCL complexes.",,nature_polymer_protein_complex/figures/s41598-024-84718-0_fig5.jpg,[],"{'master_images': [], 'dependent_images': [], 'inset_images': [], 'subfigure_labels': [], 'scale_bar_labels': [], 'scale_bar_lines': [], 'captions': [], 'scale_bar_objects': []}"
s41598-024-84718-0_fig6.jpg,Evaluating cutinase from Fusarium oxysporum as a biocatalyst for the degradation of nine synthetic polymer | Scientific Reports,https://www.nature.com/articles/s41598-024-84718-0,s41598-024-84718-0,https://media.springernature.com/lw685/springer-static/image/art%3A10.1038%2Fs41598-024-84718-0/MediaObjects/41598_2024_84718_Fig6_HTML.png,s41598-024-84718-0_fig6.jpg,http://creativecommons.org/licenses/by-nc-nd/4.0/,True,"Interaction fingerprints (IFP) of FoCut complexes, including interaction information—and the occurrence of each interaction—as hydrophobic (HY), van der Waals (vdW) and PiStacking character interactions for A–B) PET and PBAT C–D) complexes, respectively.",,nature_polymer_protein_complex/figures/s41598-024-84718-0_fig6.jpg,[],"{'master_images': [], 'dependent_images': [], 'inset_images': [], 'subfigure_labels': [], 'scale_bar_labels': [], 'scale_bar_lines': [], 'captions': [], 'scale_bar_objects': []}"
s41598-024-84718-0_fig7.jpg,Evaluating cutinase from Fusarium oxysporum as a biocatalyst for the degradation of nine synthetic polymer | Scientific Reports,https://www.nature.com/articles/s41598-024-84718-0,s41598-024-84718-0,https://media.springernature.com/lw685/springer-static/image/art%3A10.1038%2Fs41598-024-84718-0/MediaObjects/41598_2024_84718_Fig7_HTML.png,s41598-024-84718-0_fig7.jpg,http://creativecommons.org/licenses/by-nc-nd/4.0/,True,"Interaction fingerprints (IFP) of FoCut complexes, including interaction information—and the occurrence of each interaction—as hydrophobic (HY), van der Waals (vdW) and Hydrogen bond donor (HBD), Hydrogen bond Acceptor (HBA) and Anionic (AN) character interactions for A) PHBH, B) PBS and C) PCL complexes, respectively.",,nature_polymer_protein_complex/figures/s41598-024-84718-0_fig7.jpg,[],"{'master_images': [], 'dependent_images': [], 'inset_images': [], 'subfigure_labels': [], 'scale_bar_labels': [], 'scale_bar_lines': [], 'captions': [], 'scale_bar_objects': []}"
s41598-024-84718-0_fig8.jpg,Evaluating cutinase from Fusarium oxysporum as a biocatalyst for the degradation of nine synthetic polymer | Scientific Reports,https://www.nature.com/articles/s41598-024-84718-0,s41598-024-84718-0,https://media.springernature.com/lw685/springer-static/image/art%3A10.1038%2Fs41598-024-84718-0/MediaObjects/41598_2024_84718_Fig8_HTML.png,s41598-024-84718-0_fig8.jpg,http://creativecommons.org/licenses/by-nc-nd/4.0/,True,"Total cluster centroid of (A) PET, (B) PHBH, (C) PBS, (D) PBAT and (E) PCL polymers in the catalytic site in relation to the distance from the FoCut catalytic triad.",,nature_polymer_protein_complex/figures/s41598-024-84718-0_fig8.jpg,[],"{'master_images': [], 'dependent_images': [], 'inset_images': [], 'subfigure_labels': [], 'scale_bar_labels': [], 'scale_bar_lines': [], 'captions': [], 'scale_bar_objects': []}"
s41467-019-12612-9_fig1.jpg,Transforming protein-polymer conjugate purification by tuning protein solubility | Nature Communications,https://www.nature.com/articles/s41467-019-12612-9,s41467-019-12612-9,https://media.springernature.com/lw685/springer-static/image/art%3A10.1038%2Fs41467-019-12612-9/MediaObjects/41467_2019_12612_Fig1_HTML.png,s41467-019-12612-9_fig1.jpg,http://creativecommons.org/licenses/by/4.0/,True,"Grafting-from Lyz–polymer conjugate synthesis using ATRP. A positively charged ATRP initiator was first reacted with accessible amino groups on Lyz’s surface. Next, ATRP was used to grow polymers of zwitterionic CBMA or neutral OEGMA at increasing polymer lengths. Additional acronyms: sodium ascorbate (NaAsc), 1,1,4,7,10,10-Hexamethyltriethylenetetramine (HMTETA)",,nature_polymer_protein_complex/figures/s41467-019-12612-9_fig1.jpg,[],"{'master_images': [], 'dependent_images': [], 'inset_images': [], 'subfigure_labels': [], 'scale_bar_labels': [], 'scale_bar_lines': [], 'captions': [], 'scale_bar_objects': []}"
s41467-019-12612-9_fig2.jpg,Transforming protein-polymer conjugate purification by tuning protein solubility | Nature Communications,https://www.nature.com/articles/s41467-019-12612-9,s41467-019-12612-9,https://media.springernature.com/lw685/springer-static/image/art%3A10.1038%2Fs41467-019-12612-9/MediaObjects/41467_2019_12612_Fig2_HTML.png,s41467-019-12612-9_fig2.jpg,http://creativecommons.org/licenses/by/4.0/,True,"Ammonium sulfate precipitation of conjugates. a, b Native Lyz, Lyz(5+), and Lyz–polymer conjugates. Plots are solubility (log of the supernatant protein concentration) versus ammonium sulfate percent saturation. 100% saturation corresponds to 4.1 M salt concentration. a Lyz(5+)pCBMA conjugates with DP 18, DP 32, DP 56, DP 79, and DP 91. b Lyz(5+)pOEGMA conjugates with DP 25, DP 43, DP 90, DP 105, and DP 164. pCBMA increased Lyz’s solubility while pOEGMA decreased Lyz’s solubility depending on DP. c, d Ammonium sulfate precipitation of native Lyz(1+), Lyz(3+), and Lyz–polymer conjugates with lower grafting densities and low/high DP. c pCBMA conjugates of Lyz(1+) DP 14, Lyz(1+) DP 44, Lyz(3+) DP 20, and Lyz(3+) DP 66. The only pCBMA conjugate that precipitated was the lowest grafting density and lowest DP. d pOEGMA conjugates of Lyz(1+) DP 9, Lyz(1+) DP 93, Lyz(3+) DP 16, and Lyz(3+) DP 57. pOEGMA length affected solubility more than grafting density. Error bars represent the standard deviations from triplicate measurements (n = 3)",,nature_polymer_protein_complex/figures/s41467-019-12612-9_fig2.jpg,[],"{'master_images': [], 'dependent_images': [], 'inset_images': [], 'subfigure_labels': [], 'scale_bar_labels': [], 'scale_bar_lines': [], 'captions': [], 'scale_bar_objects': []}"
s41467-019-12612-9_fig3.jpg,Transforming protein-polymer conjugate purification by tuning protein solubility | Nature Communications,https://www.nature.com/articles/s41467-019-12612-9,s41467-019-12612-9,https://media.springernature.com/lw685/springer-static/image/art%3A10.1038%2Fs41467-019-12612-9/MediaObjects/41467_2019_12612_Fig3_HTML.png,s41467-019-12612-9_fig3.jpg,http://creativecommons.org/licenses/by/4.0/,True,"Dynamic light scattering data to measure hydrodynamic diameters. a Lyz(5+)pCBMA conjugates in increasing ammonium sulfate saturation for DP 18, DP 32, DP 56, DP 79, and DP 91. All conjugates increased in hydrodynamic diameter with increased ammonium sulfate concentration. Native Lyz and Lyz(5+) hydrodynamic diameters were not able to be measured after 50% saturation because samples precipitated. b Lyz(5+)pCBMA DP 18 and DP 91 hydrodynamic diameter stability over 2.5 months in 100% saturated ammonium sulfate. Data are presented as number distribution averages ± 1 standard deviation errors from n = 3 measurements)",,nature_polymer_protein_complex/figures/s41467-019-12612-9_fig3.jpg,[],"{'master_images': [], 'dependent_images': [], 'inset_images': [], 'subfigure_labels': [], 'scale_bar_labels': [], 'scale_bar_lines': [], 'captions': [], 'scale_bar_objects': []}"
s41467-019-12612-9_fig4.jpg,Transforming protein-polymer conjugate purification by tuning protein solubility | Nature Communications,https://www.nature.com/articles/s41467-019-12612-9,s41467-019-12612-9,https://media.springernature.com/lw685/springer-static/image/art%3A10.1038%2Fs41467-019-12612-9/MediaObjects/41467_2019_12612_Fig4_HTML.png,s41467-019-12612-9_fig4.jpg,http://creativecommons.org/licenses/by/4.0/,True,Conjugate size and hydration state from MD simulations. Radius of gyration of a free pCBMA and b free pOEGMA in increasing NaCl concentration. Radial distribution functions (RDF) for Lyz(5+)pCBMA DP 18 between c water molecules and O− atoms of pCBMA and d Cl− ions and O− atoms of pCBMA in increasing NaCl concentrations. Hydration layer increases as NaCl concentration increases and both water molecules and Cl− ions become more ordered. Radial distribution function analyses for Lyz(5+)pOEGMA DP 25 between e water molecules and PEG in the pOEGMA monomer side-chain and f Cl− ions and PEG in the pOEGMA monomer side-chain in increasing NaCl. Hydration decreases with increasing salt for Lyz(5+)pOEGMA,,nature_polymer_protein_complex/figures/s41467-019-12612-9_fig4.jpg,[],"{'master_images': [], 'dependent_images': [], 'inset_images': [], 'subfigure_labels': [], 'scale_bar_labels': [], 'scale_bar_lines': [], 'captions': [], 'scale_bar_objects': []}"
s41467-019-12612-9_fig5.jpg,Transforming protein-polymer conjugate purification by tuning protein solubility | Nature Communications,https://www.nature.com/articles/s41467-019-12612-9,s41467-019-12612-9,https://media.springernature.com/lw685/springer-static/image/art%3A10.1038%2Fs41467-019-12612-9/MediaObjects/41467_2019_12612_Fig5_HTML.png,s41467-019-12612-9_fig5.jpg,http://creativecommons.org/licenses/by/4.0/,True,Purification using SDS-PAGE analysis. Silver stained SDS-PAGE gels to show purification of a mixture of native Lyz and a Lyz(5+)pCBMA DP 91 or b Lyz(5+)pOEGMA DP 164. Samples were mixed in a 1 to 99 volume ratio of native Lyz to conjugate (starting mix) and ammonium sulfate was added to preferentially precipitate native Lyz from Lyz-pCBMA (100% saturation) or to precipitate Lyz-pOEGMA from native Lyz (40% saturation). Supernatants and precipitates were dialyzed in deionized water to remove salt and were then concentrated back to starting concentrations using ultrafiltration prior to SDS-PAGE analysis,,nature_polymer_protein_complex/figures/s41467-019-12612-9_fig5.jpg,[],"{'master_images': [], 'dependent_images': [], 'inset_images': [], 'subfigure_labels': [], 'scale_bar_labels': [], 'scale_bar_lines': [], 'captions': [], 'scale_bar_objects': []}"
s41467-017-02559-0_fig1.jpg,Controlling protein activity by dynamic recruitment on a supramolecular polymer platform | Nature Communications,https://www.nature.com/articles/s41467-017-02559-0,s41467-017-02559-0,https://media.springernature.com/lw685/springer-static/image/art%3A10.1038%2Fs41467-017-02559-0/MediaObjects/41467_2017_2559_Fig1_HTML.jpg,s41467-017-02559-0_fig1.jpg,http://creativecommons.org/licenses/by/4.0/,True,"Recruitment of β-lactamase and BLIP on a supramolecular BTA polymer via DNA hybridization. a Schematic representation of the selective recruitment of proteins to BTA polymers. (i) BTA monomers functionalized with a 10-nucleotide handle strand (BTA-DNA) are co-assembled in a desired ratio with inert BTA monomers (BTA-3OH) to yield supramolecular polymers decorated with DNA receptors. (ii) To allow sequence specific oligonucleotide directed recruitment of the enzyme (β-lactamase) and its inhibitor protein (BLIP), each protein is functionalized with a unique 21-nucleotide handle strand. (iii) Addition of a specific recruiter oligonucleotide that is complementary to the handle strand on the BTA polymer and the enzyme (enzyme recruiter (RE)), results in selective recruitment of the enzyme to the supramolecular polymer. (iv) Addition of the inhibitor recruiter strand (RI) results in the recruitment of the inhibitor to the supramolecular platform. (v) The dynamic nature of the platform allows the rearrangement of the proteins along the polymer to allow enzyme-inhibitor complex formation, resulting in decreased enzyme activity. b The chemical structures of BTA-3OH and BTA-DNA. c The hydrolysis of a β-lactam-containing substrate which is catalyzed by β-lactamase",,nature_polymer_protein_complex/figures/s41467-017-02559-0_fig1.jpg,[],"{'master_images': [], 'dependent_images': [], 'inset_images': [], 'subfigure_labels': [], 'scale_bar_labels': [], 'scale_bar_lines': [], 'captions': [], 'scale_bar_objects': []}"
s41467-017-02559-0_fig2.jpg,Controlling protein activity by dynamic recruitment on a supramolecular polymer platform | Nature Communications,https://www.nature.com/articles/s41467-017-02559-0,s41467-017-02559-0,https://media.springernature.com/lw685/springer-static/image/art%3A10.1038%2Fs41467-017-02559-0/MediaObjects/41467_2017_2559_Fig2_HTML.jpg,s41467-017-02559-0_fig2.jpg,http://creativecommons.org/licenses/by/4.0/,True,"Structural characterization of DNA-decorated BTA polymers and recruitment of proteins. Cryo-TEM images of DNA-decorated BTA polymers in PBS (50 mM sodium phosphate, 500 mM NaCl, pH 7.0) with a 150 μM BTA-3OH and 50 μM BTA-DNA (25% BTA-DNA), b 195 μM BTA-3OH and 5 μM BTA-DNA (2.5% BTA-DNA), 2 μM RE and RI, and c 195 μM BTA-3OH and 5 μM BTA-DNA (2.5% BTA-DNA), 2 μM RE and RI, 10 nM β-lactamase and 100 nM BLIP. The scale bars represent 200 nm. The dark spherical objects present in the images are crystalline ice particles. d Stochastic optical reconstruction microscopy imaging of BTA polymers in TE/Mg2+ (10 mM Tris-HCl, 1 mM EDTA, 12.5 mM MgCl2, pH 8.0) with 1.4 μM BTA-3OH, 0.5 μM BTA-DNA and 0.1 μM BTA-Cy3 (70% BTA-3OH, 25% BTA-DNA and 5% BTA-Cy3), 100 nM RE and RI, 100 nM Atto488-labeled β-lactamase and 7.5 nM Cy5-labeled BLIP. The individual dyes were imaged sequentially and reconstructed in separate channels. The scale bars represent 2 µm",,nature_polymer_protein_complex/figures/s41467-017-02559-0_fig2.jpg,[],"{'master_images': [], 'dependent_images': [], 'inset_images': [], 'subfigure_labels': [], 'scale_bar_labels': [], 'scale_bar_lines': [], 'captions': [], 'scale_bar_objects': [{'label': None, 'geometry': [{'x': 5, 'y': 208}, {'x': 5, 'y': 212}, {'x': 68, 'y': 212}, {'x': 68, 'y': 208}], 'confidence': 0.9765012860298157, 'length': 62, 'label_line_distance': -1}, {'label': None, 'geometry': [{'x': 234, 'y': 208}, {'x': 234, 'y': 212}, {'x': 296, 'y': 212}, {'x': 296, 'y': 208}], 'confidence': 0.9751954674720764, 'length': 62, 'label_line_distance': -1}, {'label': None, 'geometry': [{'x': 4, 'y': 407}, {'x': 4, 'y': 411}, {'x': 69, 'y': 411}, {'x': 69, 'y': 407}], 'confidence': 0.9554474353790283, 'length': 65, 'label_line_distance': -1}]}"
s41467-017-02559-0_fig3.jpg,Controlling protein activity by dynamic recruitment on a supramolecular polymer platform | Nature Communications,https://www.nature.com/articles/s41467-017-02559-0,s41467-017-02559-0,https://media.springernature.com/lw685/springer-static/image/art%3A10.1038%2Fs41467-017-02559-0/MediaObjects/41467_2017_2559_Fig3_HTML.jpg,s41467-017-02559-0_fig3.jpg,http://creativecommons.org/licenses/by/4.0/,True,"Characterization of BTA-templated enzyme-inhibitor complex formation. a, b Substrate conversion as a function of time by the recruited enzyme in the absence of BLIP (-inhibitor), the fully assembled system (+) and controls lacking one or both of the recruiter strands (-RI, -RE and -RI and -RE, respectively) or the BTA polymers (-BTA). Turnover of a fluorescent substrate (CCF2-FA, 2 μM) was monitored by measuring the fluorescence intensity at 447 nm. Experiments were performed using 25% BTA-DNA (0.5 μM BTA-DNA, 1.5 μM BTA-3OH), 20 nM RE and RI, 1 nM β-lactamase and 10 nM BLIP. Enzyme activities b were obtained from the kinetic traces shown in a by deriving the slope of the initial increase in fluorescence. Enzyme activities were normalized to a control omitting the inhibitor protein. Error bars represent SEM of duplicate measurements. c Normalized enzyme activity as a function of inhibitor concentration (black dots). The enzymatic activities were fitted to Eq. 1, which was derived using the Michaelis–Menten model for competitive inhibition, yielding an apparent inhibition constant (K
i,app) of 2.3 ± 0.2 nM (red line). Experiments were performed using 25% BTA-DNA (0.5 μM BTA-DNA, 1.5 μM BTA-3OH), 20 nM RE and 200 nM RI, 1 nM β-lactamase, and 0–100 nM BLIP. Error bars represent s.d. calculated from triplicate measurements. d Normalized enzyme activities as a function of BTA-DNA receptor density. Polymers with receptor densities between 100% and 0.25% BTA-DNA were obtained by assembling a fixed concentration of BTA-DNA (0.5 μM) with varying concentrations of BTA-3OH (0–199.5 μM). Experiments were performed using 20 nM RE and RI, 1 nM β-lactamase and 10 nM BLIP. Error bars represent s.d. calculated from triplicate measurements",,nature_polymer_protein_complex/figures/s41467-017-02559-0_fig3.jpg,[],"{'master_images': [], 'dependent_images': [], 'inset_images': [], 'subfigure_labels': [], 'scale_bar_labels': [], 'scale_bar_lines': [], 'captions': [], 'scale_bar_objects': []}"
s41467-017-02559-0_fig4.jpg,Controlling protein activity by dynamic recruitment on a supramolecular polymer platform | Nature Communications,https://www.nature.com/articles/s41467-017-02559-0,s41467-017-02559-0,https://media.springernature.com/lw685/springer-static/image/art%3A10.1038%2Fs41467-017-02559-0/MediaObjects/41467_2017_2559_Fig4_HTML.jpg,s41467-017-02559-0_fig4.jpg,http://creativecommons.org/licenses/by/4.0/,True,"Characterization of the dynamics of enzyme-inhibitor recruitment on the supramolecular polymer. a Enzyme activity as a function of time after the addition of pre-assembled polymers containing 100% BTA-3OH (9.5 μL, 1 mM) to polymers composed of 5% BTA-DNA (0.5 μM BTA-DNA, 9.5 μM BTA-3OH), 20 nM RE and RI, 1 nM β-lactamase and 10 nM BLIP (total volume = 40.5 μL), yielding a final BTA-DNA fraction of 0.25% (0.5 μM BTA-DNA, 199.5 μM BTA-3OH, final total volume = 50 μL). The dashed line represents the fitting of a single exponential with fixed values at t = 0 of the activity in the 5% BTA-DNA reference sample and at t = ∞ of the activity in the reference sample omitting BLIP yielding t
1/2 = ~3 h. The green diamonds represent the activity of a sample without inhibitor. The red diamonds represent the activity of the system containing 5% BTA-DNA, which was not diluted by addition of 100% BTA-3OH. b Kinetics of enzyme-inhibitor complex formation upon recruitment to the DNA-decorated polymers. Enzyme activity was measured at different time-point after adding the BTA polymers to a mixture of β-lactamase, BLIP RE and RI. Experiments were performed using 25% BTA-DNA (0.5 μM BTA-DNA, 1.5 μM BTA-3OH), 20 nM RE and RI, 1 nM β-lactamase and 10 nM BLIP. c Enzyme activity as a function of time after mixing pre-assembled polymers containing either enzyme and RE or inhibitor and RI. Experiments were performed using final concentrations of 25% BTA-DNA (0.5 μM BTA-DNA, 1.5 μM BTA-3OH), 20 nM RE and RI, 1 nM β-lactamase and 10 nM BLIP. Enzyme activities were normalized to a control omitting the inhibitor protein (green diamonds). Error bars represent the s.d. calculated from triplicate measurements",,nature_polymer_protein_complex/figures/s41467-017-02559-0_fig4.jpg,[],"{'master_images': [], 'dependent_images': [], 'inset_images': [], 'subfigure_labels': [], 'scale_bar_labels': [], 'scale_bar_lines': [], 'captions': [], 'scale_bar_objects': []}"
s41467-017-02559-0_fig5.jpg,Controlling protein activity by dynamic recruitment on a supramolecular polymer platform | Nature Communications,https://www.nature.com/articles/s41467-017-02559-0,s41467-017-02559-0,https://media.springernature.com/lw685/springer-static/image/art%3A10.1038%2Fs41467-017-02559-0/MediaObjects/41467_2017_2559_Fig5_HTML.jpg,s41467-017-02559-0_fig5.jpg,http://creativecommons.org/licenses/by/4.0/,True,"Reversible control of enzyme recruitment via DNA strand exchange. a The enzyme is recruited to polymers pre-assembled with inhibitor protein by the addition of recruiter strand RET. A 10-nucleotide overhang (toehold) appended to the recruiter strand (RET) allows its displacement by a fully complementary displacer strand (D) via toehold-mediated strand displacement. b Normalized enzyme activity upon the sequential addition of recruiter and displacer oligonucleotides. Each iteration, a twofold molar excess of either recruiter or displacer strand is added with respect to the previous stage. Enzyme activities were normalized to a control without inhibitor protein. Experiments were performed using 25% BTA-DNA (0.5 μM BTA-DNA, 1.5 μM BTA-3OH), 20 nM RI, 1 nM β-lactamase and 10 nM BLIP, 0 – 340 nM RE and 0-168 nM D. Error bars represent s.d. of triplicate measurements",,nature_polymer_protein_complex/figures/s41467-017-02559-0_fig5.jpg,[],"{'master_images': [], 'dependent_images': [], 'inset_images': [], 'subfigure_labels': [], 'scale_bar_labels': [], 'scale_bar_lines': [], 'captions': [], 'scale_bar_objects': []}"
s41467-025-56257-3_fig1.jpg,Barcoded screening identifies nanocarriers for protein delivery to kidney | Nature Communications,https://www.nature.com/articles/s41467-025-56257-3,s41467-025-56257-3,https://media.springernature.com/lw685/springer-static/image/art%3A10.1038%2Fs41467-025-56257-3/MediaObjects/41467_2025_56257_Fig1_HTML.png,s41467-025-56257-3_fig1.jpg,http://creativecommons.org/licenses/by-nc-nd/4.0/,True,"a The schematic illustration of the synthesis, screening, and barcode reading. The illustration was created in BioRender. Wang, L. (2025) https://BioRender.com/a96u763. b The design of the DNA barcodes. c Monomers used for the synthesis of the nanocapsule library. The monomers are classified into five categories: hydrophilic neutral monomers (W), hydrophobic neutral monomers (O), positively charged monomers (P), negatively charged monomers (N), and functional monomers (F). d The predicted pKa, log D (pH 7.4), and charge (pH 7.4) of the monomers. MMA does not possess pKa value. MPTA does not possess the pKa or logD values. e The monomer molar ratio added to the polymerization reactions for nanocapsule syntheses. Source data are provided as a Source Data file.",,nature_polymer_protein_complex/figures/s41467-025-56257-3_fig1.jpg,[],"{'master_images': [], 'dependent_images': [], 'inset_images': [], 'subfigure_labels': [], 'scale_bar_labels': [], 'scale_bar_lines': [], 'captions': [], 'scale_bar_objects': []}"
s41467-025-56257-3_fig2.jpg,Barcoded screening identifies nanocarriers for protein delivery to kidney | Nature Communications,https://www.nature.com/articles/s41467-025-56257-3,s41467-025-56257-3,https://media.springernature.com/lw685/springer-static/image/art%3A10.1038%2Fs41467-025-56257-3/MediaObjects/41467_2025_56257_Fig2_HTML.png,s41467-025-56257-3_fig2.jpg,http://creativecommons.org/licenses/by-nc-nd/4.0/,True,"a The size distribution of selected nSAs. b The agarose gel electrophoresis images of nSA-Z25 in complex with biotin-DNA oligomers with different lengths at a 1:1 mol ratio. The nSA-Z25 was visualized with Typhoon RGB (Cy2 channel). DNA was stained with gel red and imaged using the Cy3 channel. This experiment was repeated independently three times with similar results. c The size distributions of nSA-Z25 and nSA-Z25-DNA complex. d The ζ potentials of nSA-Z25 and nSA-Z25-DNA complex. e The schematic illustration of the method to enrich 3’-FAM-labeled DNA barcodes with anti-FITC magnetic beads (Created in BioRender. Wang, L. (2025) https://BioRender.com/a96u763). f The enrichment efficiency of biotin-DNA at different concentrations with anti-FITC magnetic beads. Data are presented as mean with individual data points. n = 2. g The enrichment efficiency of nSA-biotin-DNA complex at 40 nM concentration in PBS buffer or 293 T cell lysate using anti-FITC magnetic beads. Data are presented as mean with individual data points. n = 2. Source data are provided as a Source Data file.",,nature_polymer_protein_complex/figures/s41467-025-56257-3_fig2.jpg,[],"{'master_images': [], 'dependent_images': [], 'inset_images': [], 'subfigure_labels': [], 'scale_bar_labels': [], 'scale_bar_lines': [], 'captions': [], 'scale_bar_objects': []}"
s41467-025-56257-3_fig3.jpg,Barcoded screening identifies nanocarriers for protein delivery to kidney | Nature Communications,https://www.nature.com/articles/s41467-025-56257-3,s41467-025-56257-3,https://media.springernature.com/lw685/springer-static/image/art%3A10.1038%2Fs41467-025-56257-3/MediaObjects/41467_2025_56257_Fig3_HTML.png,s41467-025-56257-3_fig3.jpg,http://creativecommons.org/licenses/by-nc-nd/4.0/,True,"a–d The enrichment factor of each nanoparticle after incubation with (a) HeLa cell, (b) DC2.4 cell, (c) Ramos cell, and (d) Jurkat cell. Data are presented as mean with range. n = 2. e Flow cytometry analysis of HeLa, DC2.4, Ramos, and Jurkat cells after the treatment with 430 nM fluorescently labeled nSA-Z28 (P2W5), nSA-Z38 (P3N3), nSA-Z40 (P3N4), nSA-Z91 (F3P3N4) and nSA-P3N1 for 24 h. f Confocal microscope images of HeLa cells after treatment with nSA-Z38 at 37 °C for different periods. This experiment was repeated independently three times with similar results. Scale bar = 10 μm. White arrows were used for colocalization analysis (Supplementary Fig. 5b). g Surface-bound and internalized nSA-Z38 in red blood cells after incubation at 37 °C for 1 h. Data are presented as mean ± s.d. n = 3. h The Surface-bound and internalized nSA-Z38 in mouse peripheral blood mononuclear cells (PBMCs) at different concentrations (172 nM, 86 nM, and 43 nM). Data are presented as mean ± s.d. n = 3. The n represents biologically independent replicates (g, h). Source data are provided as a Source Data file.",,nature_polymer_protein_complex/figures/s41467-025-56257-3_fig3.jpg,[],"{'master_images': [], 'dependent_images': [], 'inset_images': [], 'subfigure_labels': [], 'scale_bar_labels': [], 'scale_bar_lines': [], 'captions': [], 'scale_bar_objects': []}"
s41467-025-56257-3_fig4.jpg,Barcoded screening identifies nanocarriers for protein delivery to kidney | Nature Communications,https://www.nature.com/articles/s41467-025-56257-3,s41467-025-56257-3,https://media.springernature.com/lw685/springer-static/image/art%3A10.1038%2Fs41467-025-56257-3/MediaObjects/41467_2025_56257_Fig4_HTML.png,s41467-025-56257-3_fig4.jpg,http://creativecommons.org/licenses/by-nc-nd/4.0/,True,"a, b The DNA barcode enrichment factors in the heart, liver, spleen, lung, and kidney from mice 24 h after the tail vein injection of the nanocapsule combination libraries (n = 2). c The enrichment factors of the Top 5 enriched nanoparticles in each organ from Library Z. Data are presented as mean with individual data points. n = 2. The n represents biologically independent replicates. d Representative ex vivo fluorescent images of major organs from mice 24 h after tail-vein injection with nSA-Z38, nSA-Z69, nSA-Z31, nSA-Z91, nSA-Z20, nSA-Z40, and streptavidin (SA) (100 μL, 8.6 μM) labeled with biotin-Cy5. Source data are provided as a Source Data file.",,nature_polymer_protein_complex/figures/s41467-025-56257-3_fig4.jpg,[],"{'master_images': [], 'dependent_images': [], 'inset_images': [], 'subfigure_labels': [], 'scale_bar_labels': [], 'scale_bar_lines': [], 'captions': [], 'scale_bar_objects': []}"
s41467-025-56257-3_fig5.jpg,Barcoded screening identifies nanocarriers for protein delivery to kidney | Nature Communications,https://www.nature.com/articles/s41467-025-56257-3,s41467-025-56257-3,https://media.springernature.com/lw685/springer-static/image/art%3A10.1038%2Fs41467-025-56257-3/MediaObjects/41467_2025_56257_Fig5_HTML.png,s41467-025-56257-3_fig5.jpg,http://creativecommons.org/licenses/by-nc-nd/4.0/,True,"a The monomers and feed ratios for the syntheses of nBSA-Z20 and nBSA-Z40. b The fluorescence images of major organs 24 h after the injection of nBSA-Z20 or nBSA-Z40 labeled with Alexa Fluor 647 (AF647). c Fluorescence microscopy images of kidney tissue co-stained with anti-ITGA8 antibody after nBSA-Z20 and nBSA-Z40 injection. This experiment was repeated independently three times with similar results. Scale bar = 50 μm. White arrows were used for colocalization analysis (d, e). d, e The colocalization analyses of mesangial cells (highly expressed ITGA8) and nBSA-Z20 (d) or nBSA-Z40 (e) (fluorescence images were shown in Fig. 5c). f, g Biodistribution of nNluc-Z20 (f) and nNluc-Z40 (g) tested by bioluminescence. Data are presented as mean ± s.d. and were analyzed by one-way ANOVA with Tukey’s multiple comparisons test. n = 3. h The integrated radiance, sizes, and ζ potentials of the major organs 24 h after the injection of AF647-labeled BSA, nBSA-Z20, nBSA-Z40, nBSA-Z30, nBSA-P1N4, nBSA-Z23, nBSA-Z39, or nBSA-N1P3. Sizes and ζ potentials are presented as mean ± s.d. n = 3. The n represents biologically independent replicates (f–h). Source data are provided as a Source Data file.",,nature_polymer_protein_complex/figures/s41467-025-56257-3_fig5.jpg,[],"{'master_images': [], 'dependent_images': [], 'inset_images': [], 'subfigure_labels': [], 'scale_bar_labels': [], 'scale_bar_lines': [], 'captions': [], 'scale_bar_objects': []}"
s41467-025-56257-3_fig6.jpg,Barcoded screening identifies nanocarriers for protein delivery to kidney | Nature Communications,https://www.nature.com/articles/s41467-025-56257-3,s41467-025-56257-3,https://media.springernature.com/lw685/springer-static/image/art%3A10.1038%2Fs41467-025-56257-3/MediaObjects/41467_2025_56257_Fig6_HTML.png,s41467-025-56257-3_fig6.jpg,http://creativecommons.org/licenses/by-nc-nd/4.0/,True,"a Representative ex vivo fluorescence images of major organs from mice 24 h after tail-vein injection of nCAT-Z40 and catalase (CAT) labeled with Alexa Fluor 647. b Immunofluorescence images of kidney sections 24 h after the mice were injected with nCAT-Z40 and CAT labeled with Alexa Fluor 647. The tissue sections were stained for cell nuclei (blue) and nephrin (green). This experiment was repeated independently three times with similar results. Scale bar = 10 µm. c The dosing scheme for cisplatin-induced acute kidney injury (AKI) model and nCAT-Z40 treatment (Created in BioRender. Wang, L. (2025) https://BioRender.com/a96u763). d Body weights of mice on Day 3 in the cisplatin-induced AKI model. e Blood serum levels of blood urea nitrogen (BUN) in healthy mice and AKI mice treated with PBS, CAT, or nCAT-Z40. f Paller score of kidney tissue in healthy mice and AKI mice treated with PBS, CAT, or nCAT-Z40. g Dihydroethidium (DHE) fluorescence intensities in kidney sections on Day 3 of PBS, CAT, or nCAT-Z40 treatment of cisplatin-induced AKI. h Fluorescence images of DAPI and DHE-stained kidney tissues from healthy mice and AKI mice treated with PBS, CAT, or nCAT-Z40. This experiment was repeated independently two times with similar results. Scale bar = 20 μm. d–g Data are presented as mean ± s.d. and were analyzed by one-way ANOVA with Tukey’s multiple comparisons test. n = 5. The n represents biologically independent replicates (d–g). Source data are provided as a Source Data file.",,nature_polymer_protein_complex/figures/s41467-025-56257-3_fig6.jpg,[],"{'master_images': [], 'dependent_images': [], 'inset_images': [], 'subfigure_labels': [], 'scale_bar_labels': [], 'scale_bar_lines': [], 'captions': [], 'scale_bar_objects': []}"
